{
    "lab test": {
        "average": 0.12658227848101267,
        "std": 0.33250444396363776
    },
    "risk": {
        "average": 0.325,
        "std": 0.4683748498798799
    },
    "physical": {
        "average": 0.6825396825396826,
        "std": 0.4654881999560375
    },
    "overall": {
        "average": 0.3626373626373626,
        "std": 0.48076138141159025
    }
}